timestamp, memory.used [MiB], utilization.gpu [%]
2026/10/02 13:51:15.292, 0 MiB, 18 %
2026/10/02 13:51:17.296, 0 MiB, 0 %
2026/10/02 13:51:19.296, 0 MiB, 0 %
2026/10/02 13:51:21.296, 0 MiB, 0 %
2026/10/02 13:51:23.296, 0 MiB, 0 %
2026/10/02 13:51:25.296, 0 MiB, 0 %
2026/10/02 13:51:27.297, 0 MiB, 0 %
2026/10/02 13:51:29.297, 0 MiB, 0 %
2026/10/02 13:51:31.297, 0 MiB, 0 %
2026/10/02 13:51:33.298, 0 MiB, 0 %
2026/10/02 13:51:35.298, 0 MiB, 0 %
2026/10/02 13:51:37.298, 0 MiB, 0 %
2026/10/02 13:51:39.298, 0 MiB, 0 %
2026/10/02 13:51:41.299, 0 MiB, 0 %
2026/10/02 13:51:43.299, 0 MiB, 0 %
2026/10/02 13:51:45.299, 0 MiB, 0 %
2026/10/02 13:51:47.299, 0 MiB, 0 %
2026/10/02 13:51:49.299, 0 MiB, 0 %
2026/10/02 13:51:51.300, 0 MiB, 0 %
2026/10/02 13:51:53.300, 0 MiB, 0 %
2026/10/02 13:51:55.300, 0 MiB, 0 %
2026/10/02 13:51:57.300, 0 MiB, 0 %
2026/10/02 13:51:59.301, 0 MiB, 0 %
2026/10/02 13:52:01.301, 0 MiB, 0 %
2026/10/02 13:52:03.301, 0 MiB, 0 %
2026/10/02 13:52:05.301, 0 MiB, 0 %
2026/10/02 13:52:07.302, 0 MiB, 0 %
2026/10/02 13:52:09.302, 0 MiB, 0 %
2026/10/02 13:52:11.302, 0 MiB, 0 %
2026/10/02 13:52:13.303, 0 MiB, 0 %
2026/10/02 13:52:15.303, 0 MiB, 0 %
2026/10/02 13:52:17.303, 0 MiB, 0 %
2026/10/02 13:52:19.303, 0 MiB, 0 %
2026/10/02 13:52:21.304, 0 MiB, 0 %
2026/10/02 13:52:23.304, 0 MiB, 0 %
2026/10/02 13:52:25.304, 0 MiB, 0 %
2026/10/02 13:52:27.304, 0 MiB, 0 %
2026/10/02 13:52:29.305, 0 MiB, 0 %
2026/10/02 13:52:31.305, 0 MiB, 0 %
2026/10/02 13:52:33.305, 0 MiB, 0 %
2026/10/02 13:52:35.306, 0 MiB, 0 %
2026/10/02 13:52:37.306, 0 MiB, 0 %
2026/10/02 13:52:39.306, 0 MiB, 0 %
2026/10/02 13:52:41.307, 0 MiB, 0 %
2026/10/02 13:52:43.307, 0 MiB, 0 %
2026/10/02 13:52:45.307, 0 MiB, 0 %
2026/10/02 13:52:47.307, 0 MiB, 0 %
2026/10/02 13:52:49.308, 0 MiB, 0 %
2026/10/02 13:52:51.308, 0 MiB, 0 %
2026/10/02 13:52:53.308, 0 MiB, 0 %
2026/10/02 13:52:55.308, 0 MiB, 0 %
2026/10/02 13:52:57.309, 0 MiB, 0 %
2026/10/02 13:52:59.309, 0 MiB, 0 %
2026/10/02 13:53:01.309, 0 MiB, 0 %
2026/10/02 13:53:03.309, 0 MiB, 0 %
2026/10/02 13:53:05.310, 0 MiB, 0 %
2026/10/02 13:53:07.310, 0 MiB, 0 %
2026/10/02 13:53:09.310, 0 MiB, 0 %
2026/10/02 13:53:11.311, 0 MiB, 0 %
2026/10/02 13:53:13.311, 0 MiB, 0 %
2026/10/02 13:53:15.311, 0 MiB, 0 %
2026/10/02 13:53:17.311, 0 MiB, 0 %
2026/10/02 13:53:19.312, 0 MiB, 0 %
2026/10/02 13:53:21.312, 0 MiB, 0 %
2026/10/02 13:53:23.312, 0 MiB, 0 %
2026/10/02 13:53:25.312, 0 MiB, 0 %
2026/10/02 13:53:27.313, 0 MiB, 0 %
2026/10/02 13:53:29.313, 0 MiB, 0 %
2026/10/02 13:53:31.313, 0 MiB, 0 %
2026/10/02 13:53:33.313, 0 MiB, 0 %
2026/10/02 13:53:35.314, 0 MiB, 0 %
2026/10/02 13:53:37.314, 0 MiB, 0 %
2026/10/02 13:53:39.314, 0 MiB, 0 %
2026/10/02 13:53:41.314, 0 MiB, 0 %
2026/10/02 13:53:43.315, 0 MiB, 0 %
2026/10/02 13:53:45.315, 0 MiB, 0 %
2026/10/02 13:53:47.315, 0 MiB, 0 %
2026/10/02 13:53:49.316, 0 MiB, 0 %
2026/10/02 13:53:51.316, 0 MiB, 0 %
2026/10/02 13:53:53.316, 0 MiB, 0 %
2026/10/02 13:53:55.316, 0 MiB, 0 %
2026/10/02 13:53:57.317, 0 MiB, 0 %
2026/10/02 13:53:59.317, 0 MiB, 0 %
2026/10/02 13:54:01.317, 0 MiB, 0 %
2026/10/02 13:54:03.317, 0 MiB, 0 %
2026/10/02 13:54:05.318, 0 MiB, 0 %
2026/10/02 13:54:07.318, 0 MiB, 0 %
2026/10/02 13:54:09.318, 0 MiB, 0 %
2026/10/02 13:54:11.318, 0 MiB, 0 %
2026/10/02 13:54:13.319, 0 MiB, 0 %
2026/10/02 13:54:15.319, 0 MiB, 0 %
2026/10/02 13:54:17.319, 0 MiB, 0 %
2026/10/02 13:54:19.320, 0 MiB, 0 %
2026/10/02 13:54:21.320, 0 MiB, 0 %
2026/10/02 13:54:23.320, 0 MiB, 0 %
2026/10/02 13:54:25.320, 0 MiB, 0 %
2026/10/02 13:54:27.321, 0 MiB, 0 %
2026/10/02 13:54:29.321, 0 MiB, 0 %
2026/10/02 13:54:31.321, 0 MiB, 0 %
2026/10/02 13:54:33.321, 0 MiB, 0 %
2026/10/02 13:54:35.322, 0 MiB, 0 %
2026/10/02 13:54:37.322, 0 MiB, 0 %
2026/10/02 13:54:39.322, 0 MiB, 0 %
2026/10/02 13:54:41.322, 469 MiB, 2 %
2026/10/02 13:54:43.323, 0 MiB, 0 %
2026/10/02 13:54:45.323, 0 MiB, 0 %
2026/10/02 13:54:47.323, 0 MiB, 0 %
2026/10/02 13:54:49.324, 425 MiB, 6 %
2026/10/02 13:54:51.324, 425 MiB, 2 %
2026/10/02 13:54:53.324, 1419 MiB, 0 %
2026/10/02 13:54:55.324, 0 MiB, 54 %
2026/10/02 13:54:57.325, 425 MiB, 2 %
2026/10/02 13:54:59.325, 1465 MiB, 0 %
2026/10/02 13:55:01.325, 0 MiB, 49 %
2026/10/02 13:55:03.325, 425 MiB, 2 %
2026/10/02 13:55:05.326, 1733 MiB, 0 %
2026/10/02 13:55:07.326, 0 MiB, 31 %
2026/10/02 13:55:09.342, 425 MiB, 0 %
2026/10/02 13:55:11.342, 425 MiB, 0 %
2026/10/02 13:55:13.342, 1435 MiB, 41 %
2026/10/02 13:55:15.343, 21 MiB, 6 %
2026/10/02 13:55:17.343, 425 MiB, 0 %
2026/10/02 13:55:19.344, 1413 MiB, 28 %
2026/10/02 13:55:21.344, 1891 MiB, 69 %
2026/10/02 13:55:23.344, 0 MiB, 23 %
2026/10/02 13:55:25.345, 0 MiB, 0 %
2026/10/02 13:55:27.345, 425 MiB, 0 %
2026/10/02 13:55:29.345, 425 MiB, 0 %
2026/10/02 13:55:31.345, 425 MiB, 0 %
2026/10/02 13:55:33.346, 425 MiB, 0 %
2026/10/02 13:55:35.346, 425 MiB, 2 %
2026/10/02 13:55:37.346, 425 MiB, 0 %
2026/10/02 13:55:39.346, 425 MiB, 0 %
2026/10/02 13:55:41.347, 425 MiB, 0 %
2026/10/02 13:55:43.347, 425 MiB, 0 %
2026/10/02 13:55:45.347, 425 MiB, 0 %
2026/10/02 13:55:47.348, 425 MiB, 2 %
2026/10/02 13:55:49.348, 425 MiB, 0 %
2026/10/02 13:55:51.348, 425 MiB, 0 %
2026/10/02 13:55:53.348, 425 MiB, 0 %
2026/10/02 13:55:55.349, 425 MiB, 0 %
2026/10/02 13:55:57.349, 425 MiB, 0 %
2026/10/02 13:55:59.349, 425 MiB, 0 %
2026/10/02 13:56:01.350, 425 MiB, 0 %
2026/10/02 13:56:03.350, 425 MiB, 0 %
2026/10/02 13:56:05.350, 425 MiB, 0 %
2026/10/02 13:56:07.350, 425 MiB, 0 %
2026/10/02 13:56:09.351, 425 MiB, 0 %
2026/10/02 13:56:11.351, 425 MiB, 0 %
2026/10/02 13:56:13.351, 425 MiB, 0 %
2026/10/02 13:56:15.352, 425 MiB, 0 %
2026/10/02 13:56:17.352, 425 MiB, 0 %
2026/10/02 13:56:19.352, 425 MiB, 0 %
2026/10/02 13:56:21.352, 425 MiB, 0 %
2026/10/02 13:56:23.353, 425 MiB, 0 %
2026/10/02 13:56:25.353, 425 MiB, 0 %
2026/10/02 13:56:27.353, 425 MiB, 0 %
2026/10/02 13:56:29.354, 425 MiB, 0 %
2026/10/02 13:56:31.354, 425 MiB, 0 %
2026/10/02 13:56:33.354, 425 MiB, 0 %
2026/10/02 13:56:35.355, 425 MiB, 0 %
2026/10/02 13:56:37.355, 425 MiB, 0 %
2026/10/02 13:56:39.355, 425 MiB, 0 %
2026/10/02 13:56:41.355, 425 MiB, 0 %
2026/10/02 13:56:43.356, 425 MiB, 0 %
2026/10/02 13:56:45.356, 425 MiB, 0 %
2026/10/02 13:56:47.356, 425 MiB, 0 %
2026/10/02 13:56:49.356, 425 MiB, 0 %
2026/10/02 13:56:51.357, 425 MiB, 0 %
2026/10/02 13:56:53.357, 425 MiB, 0 %
2026/10/02 13:56:55.357, 425 MiB, 0 %
2026/10/02 13:56:57.358, 425 MiB, 0 %
2026/10/02 13:56:59.358, 425 MiB, 0 %
2026/10/02 13:57:01.358, 425 MiB, 0 %
2026/10/02 13:57:03.359, 425 MiB, 0 %
2026/10/02 13:57:05.359, 425 MiB, 0 %
2026/10/02 13:57:07.359, 425 MiB, 0 %
2026/10/02 13:57:09.359, 425 MiB, 0 %
2026/10/02 13:57:11.360, 425 MiB, 0 %
2026/10/02 13:57:13.360, 0 MiB, 6 %
2026/10/02 13:57:15.360, 0 MiB, 0 %
2026/10/02 13:57:17.360, 0 MiB, 0 %
2026/10/02 13:57:19.361, 0 MiB, 0 %
2026/10/02 13:57:21.361, 0 MiB, 0 %
2026/10/02 13:57:23.361, 0 MiB, 0 %
2026/10/02 13:57:25.361, 0 MiB, 0 %
2026/10/02 13:57:27.362, 0 MiB, 0 %
2026/10/02 13:57:29.362, 0 MiB, 0 %
2026/10/02 13:57:31.362, 0 MiB, 0 %
2026/10/02 13:57:33.363, 0 MiB, 0 %
2026/10/02 13:57:35.363, 0 MiB, 0 %
2026/10/02 13:57:37.363, 0 MiB, 0 %
2026/10/02 13:57:39.363, 0 MiB, 0 %
2026/10/02 13:57:41.364, 0 MiB, 0 %
2026/10/02 13:57:43.364, 0 MiB, 0 %
2026/10/02 13:57:45.364, 0 MiB, 0 %
2026/10/02 13:57:47.365, 0 MiB, 0 %
2026/10/02 13:57:49.365, 0 MiB, 0 %
2026/10/02 13:57:51.365, 0 MiB, 0 %
2026/10/02 13:57:53.365, 0 MiB, 0 %
2026/10/02 13:57:55.366, 0 MiB, 0 %
2026/10/02 13:57:57.366, 0 MiB, 0 %
2026/10/02 13:57:59.366, 1268 MiB, 0 %
2026/10/02 13:58:01.366, 1268 MiB, 0 %
2026/10/02 13:58:03.367, 1268 MiB, 0 %
2026/10/02 13:58:05.367, 1268 MiB, 0 %
2026/10/02 13:58:07.367, 32052 MiB, 82 %
2026/10/02 13:58:09.367, 32468 MiB, 100 %
2026/10/02 13:58:11.368, 32468 MiB, 100 %
2026/10/02 13:58:13.368, 32468 MiB, 100 %
2026/10/02 13:58:15.368, 32468 MiB, 100 %
2026/10/02 13:58:17.368, 32468 MiB, 100 %
2026/10/02 13:58:19.368, 32468 MiB, 100 %
2026/10/02 13:58:21.369, 32468 MiB, 100 %
2026/10/02 13:58:23.369, 32468 MiB, 100 %
2026/10/02 13:58:25.369, 32468 MiB, 100 %
2026/10/02 13:58:27.369, 32468 MiB, 100 %
2026/10/02 13:58:29.369, 32468 MiB, 100 %
2026/10/02 13:58:31.370, 32468 MiB, 100 %
2026/10/02 13:58:33.370, 32468 MiB, 100 %
2026/10/02 13:58:35.370, 4 MiB, 100 %
2026/10/02 13:58:37.378, 1268 MiB, 0 %
2026/10/02 13:58:39.378, 1268 MiB, 0 %
2026/10/02 13:58:41.378, 1268 MiB, 0 %
2026/10/02 13:58:43.379, 11226 MiB, 43 %
2026/10/02 13:58:45.379, 44928 MiB, 99 %
2026/10/02 13:58:47.379, 33596 MiB, 92 %
2026/10/02 13:58:49.379, 33620 MiB, 99 %
2026/10/02 13:58:51.380, 33620 MiB, 99 %
2026/10/02 13:58:53.380, 33620 MiB, 100 %
2026/10/02 13:58:55.380, 33620 MiB, 99 %
2026/10/02 13:58:57.380, 33620 MiB, 100 %
2026/10/02 13:58:59.380, 33620 MiB, 100 %
2026/10/02 13:59:01.381, 1268 MiB, 0 %
2026/10/02 13:59:03.381, 1268 MiB, 0 %
2026/10/02 13:59:05.381, 1268 MiB, 0 %
2026/10/02 13:59:07.381, 1268 MiB, 0 %
2026/10/02 13:59:09.382, 32052 MiB, 100 %
2026/10/02 13:59:11.382, 33330 MiB, 100 %
2026/10/02 13:59:13.382, 33526 MiB, 0 %
2026/10/02 13:59:15.382, 33550 MiB, 100 %
2026/10/02 13:59:17.383, 33550 MiB, 100 %
2026/10/02 13:59:19.383, 33550 MiB, 100 %
2026/10/02 13:59:21.383, 33550 MiB, 100 %
2026/10/02 13:59:23.383, 33550 MiB, 100 %
