suite,case,quantity,expected,expected_source,measured,rel_error,tolerance,verdict
d0_infra,d0_solver,FBM dynamics under pe master default solver (HardContactEulerLagrange),nonzero settling trajectory,ten Cate E4 physics,force and velocity exactly 0 no error,n/a,physics_finding,RECORDED
d0_infra,d0_hmin,mode-consistent global h_min on identical mesh,fine-mesh h_min equal to serial,mesh identity (byte-identical .tri),was min-over-ranks of local MAX h (inverted negation trick); dvol itself correct,4x,physics_finding,RESOLVED
d0_infra,d0_hmin,"h_min and D_over_h after reduction fix, serial vs parallel",identical,byte-identical mesh,1.31425429e-3 / 11.413 in both modes,0,exact_match,PASS
d0_infra,d0_visc,E4 deck CFD viscosity vs paper and PE side,0.058 (ten Cate Table I; example.json fluidViscosity_),ten_cate_piv.pdf; example.json,deck had 53d-3 (-8.6%); Schiller-Naumann predicts +3.6% u_t from this alone (measured overshoot vs PIV: +8.1%),0.086,physics_finding,RESOLVED
d1_metrology,e4_ladder_l2,"E4 peak settling velocity vs confined PIV (corrected deck, D/h=11.4)",-0.12303 m/s,tc-ref/ref_E4.dat,-0.12763 m/s,+0.0374,level_ladder,RECORDED
d1_metrology,e4_ladder_l3,"E4 peak settling velocity vs confined PIV (corrected deck, D/h=23.9)",-0.12303 m/s,tc-ref/ref_E4.dat,-0.12323 m/s,+0.0016,2pct,PASS
d1_metrology,e4_ladder_l3,E4 velocity-curve RMS vs PIV after -40ms origin shift,small residual,tc-ref/ref_E4.dat,4.8% of peak (16.4% unshifted; broad-plateau argmin artifact + ~40ms origin offset),0.048,shape_documentation,RECORDED
d1_metrology,e4_ladder_l4,"E4 peak settling velocity vs confined PIV (corrected deck, D/h=49.1, dt=1.0ms)",-0.12303 m/s,tc-ref/ref_E4.dat,-0.12033 m/s,-0.0219,level_ladder,RECORDED
d1_metrology,e4_ladder_l4,spatial ladder monotonicity at fixed dt=1.0ms (L2/L3/L4 = +3.74/+0.16/-2.19%),monotone approach to PIV,level-ladder convention,"non-monotone; spatial and temporal errors have opposite signs, L3 agreement partly fortuitous; motivates D1 dt ladder at L4",n/a,physics_finding,RECORDED
d1_metrology,e3_l3,"E3 (Re=11.6) peak settling velocity vs confined PIV (D/h=23.9, dt=1.0ms)",-0.08665 m/s,tc-ref/ref_E3.dat,-0.08753 m/s; timing lag +0.050 s,+0.0102,2pct,PASS
d1_metrology,e2_l3,"E2 (Re=4.1) peak settling velocity vs digitized PIV curve (D/h=23.9, dt=1.0ms)",-0.05936 m/s,tc-ref/ref_E2.dat,"-0.05752 m/s; digitized E2 peak confirmed wrong: Table II prints u_max/u_inf=0.953 -> -0.05718, curve +3.9% fast (E1 +3.4%; E3/E4 clean)",-0.0309,2pct,RESOLVED
d1_metrology,e2_l3,E2 peak settling velocity vs paper Table II printed ratio (0.953*0.060),-0.05718 m/s,ten_cate_piv.pdf Table II p.4018,-0.05752 m/s,+0.0059,2pct,PASS
d1_metrology,tc_ref_audit,digitized E1/E2 peak amplitude vs Table II printed u_max/u_inf,0.947 / 0.953,ten_cate_piv.pdf Table II p.4018,"digitized curves give 0.979 / 0.990 (+3.4% / +3.9%); E3/E4 within 0.7%; peak gates now use Table II, curves kept for shape",n/a,physics_finding,RECORDED
d1_metrology,e1_l3,E1 (Re=1.5) peak settling velocity vs paper Table II printed ratio (0.947*0.038),-0.03599 m/s,ten_cate_piv.pdf Table II p.4018,-0.03484 m/s (ratio 0.917); known-hard Stokes case: ten Cate's own base LBM (S1) was -5.6% vs experiment here; candidates: interface-smearing effective radius at low Re + dt term; follow-ups: E1 at L4 and dt/2,-0.0319,2pct,FAIL
d1_metrology,e1_l3_dt0p5,"E1 dt ladder point: peak vs Table II at L3, dt=0.5ms",-0.03599 m/s,ten_cate_piv.pdf Table II p.4018,"-0.03499 m/s; halving dt recovered 0.43pp of the -3.19% deficit -> temporal term at dt=1ms ~0.6-0.9pp, bulk (-2.3 to -2.6pp) is spatial/other; L4 run is the discriminator",-0.0276,dt_ladder,RECORDED
d1_metrology,e4_l4_dt0p5,"E4 dt ladder point: peak vs Table II at L4, dt=0.5ms",-0.12224 m/s,ten_cate_piv.pdf Table II p.4018,"-0.12120 m/s; halving dt recovered 0.71pp (-1.56 -> -0.85%); first-order reading: T(1ms)~1.4pp and spatial residual at L4 ~-0.1pp; RMS-vs-PIV worsening is the early-phase time-origin artifact, curves agree <1% throughout settling",-0.0085,dt_ladder,RECORDED
d1_metrology,e4_l3_dt0p5,"E4 dt ladder point: peak vs Table II at L3, dt=0.5ms",-0.12224 m/s,ten_cate_piv.pdf Table II p.4018,"-0.12381 m/s; shift +0.47pp per halving, same direction as L4 (+0.71pp)",+0.0128,dt_ladder,RECORDED
d1_metrology,e4_l3_dt0p25,"E4 dt ladder point at L3, dt=0.25ms (order-pinning run)",stable settling trajectory,dt-ladder protocol,"UNSTABLE: growing oscillatory coupling mode from step ~100 (t~0.025s), |vz| up to 4 m/s, run completes but physics is garbage; order pinning at L3 blocked",n/a,dt_ladder,FAIL
d1_metrology,dt_stability,"lower dt stability bound of loose FBM-PE coupling (E4, L3, rho_p/rho_f=1.17)",none expected (nominal),scheme nominal,"dt=1.0/0.5ms stable (jitter 3e-5/1.5e-5 m/s), dt=0.25ms unstable -> stability floor in (0.25, 0.5] ms at L3; signature+regime match added-mass instability of loosely-coupled partitioned FSI (Causin-Gerbeau-Nobile 2005: decreasing dt aggravates it); guide rule: dt has a LOWER bound at fixed mesh",n/a,physics_finding,RECORDED
d1_metrology,e1_l4,"E1 (Re=1.5) peak vs Table II experimental ratio at L4 (D/h=49.1, dt=1.0ms)",-0.03599 m/s,ten_cate_piv.pdf Table II p.4018,"-0.03410 m/s (ratio 0.897); refinement moved AWAY from experiment (-3.19 -> -5.23%); radius-smearing hypothesis refuted; trajectories clean (jitter ~6e-6, no instability)",-0.0523,level_ladder,RECORDED
d1_metrology,sim_v_sim,our finest configs vs ten Cate's own LBM ratios (Table II S1-S4: 0.894/0.950/0.955/0.947),match within few %,ten_cate_piv.pdf Table II p.4018,"ours 0.897 (E1 L4) / 0.959 (E2 L3) / 0.962 (E3 L3) / 0.947 (E4 L4 dt0.5): agree +0.3/+0.9/+0.7/+0.03%; the E1 sim-vs-EXPERIMENT gap (~-5%) exists in the 2002 paper itself (their S1 = -5.6% vs exp); E1 2pct-vs-experiment gate unreachable by simulation, reference band must include the paper's own sim",n/a,physics_finding,RECORDED
d1_metrology,dt_stability_l2,stability-floor level dependence: E4 L2 (D/h=11.4) at dt=0.25ms,stable if floor scales with h,dt_stability follow-up,"UNSTABLE (|vz| to 2.1 m/s by t~0.1s) -> floor is mesh-INDEPENDENT within L2-L3: absolute dt threshold in (0.25, 0.5] ms for rho_p/rho_f=1.17, consistent with added-mass theory (density-ratio governed, not CFL-like)",n/a,physics_finding,RECORDED
d1_metrology,err_decomposition,"additive error model err(L,dt)=S(L)+c*dt^p fitted to all E4/E1 ladder points",model residual small,tencate_error_decomposition.py,"E4: |res|max=0.06pp over 5 points; T(1ms)=-0.8..-1.2pp, S(L2/L3/L4)=+5.2..5.6/+1.5..1.9/-0.3..-0.7pp; E1: T(1ms)=-0.6..-0.8pp, S(L3/L4)=-2.4..-2.6/-4.4..-4.7pp; Richardson h->0 ratio E1 0.886..0.899 BRACKETS ten Cate LBM 0.894; E4 O(h^2) reading 0.945 vs LBM 0.947",n/a,physics_finding,RECORDED
d1_metrology,e4_l3_dt0p7,"E4 order-pinning point: peak vs Table II at L3, dt=0.7ms",p=1 predicts +1.11% / p=2 predicts +1.15%,tencate_error_decomposition.py,"-0.12352 m/s = +1.05%; 3-point ratio 1.04 (p=1 expects 1.50, p=2 2.13); global 6-point fit SSE nearly flat in p, rms residual 0.05pp ~ peak wobble -> ORDER PINNING INCONCLUSIVE from peak metric; p=2 weakly disfavored; guide keeps p=1..2 ranges",+0.0105,dt_ladder,RECORDED
d1_metrology,e3_l2,"E3 (Re=11.6) peak vs Table II at L2 (D/h=11.4, dt=1.0ms)",-0.08727 m/s,ten_cate_piv.pdf Table II p.4018,"-0.09023 m/s; coarse-mesh overshoot pattern matches E4 (+4.4% at L2), smaller at lower Re",+0.0339,level_ladder,RECORDED
d1_metrology,e2_l2,"E2 (Re=4.1) peak vs Table II at L2 (D/h=11.4, dt=1.0ms)",-0.05718 m/s,ten_cate_piv.pdf Table II p.4018,-0.05923 m/s; L2 row complete: +3.6/+3.4/+4.4% for E2/E3/E4 - coarse-mesh overshoot roughly uniform in Re,+0.0359,level_ladder,RECORDED
d0_infra,sawtooth_watchdog,"DNS_SAWTOOTH_WARNING positive control (unstable E4 L3 dt=0.25ms, 600 steps)",warning fires during instability growth,dt_stability rows,"fires at t=0.0293s - during growth phase, before |vz| crosses 0.2 m/s (offline onset t=0.0302); rate-limited repeat at t=0.079",0,detection,PASS
d0_infra,sawtooth_watchdog,"DNS_SAWTOOTH_WARNING negative control (stable E4 L3 dt=1ms, 300 steps incl. peak acceleration)",zero warnings,healthy-run jitter ~1e-5 m/s,0 warnings in 300 steps,0,no_false_positive,PASS
d1_metrology,e3_l4,"E3 (Re=11.6) peak vs Table II at L4 (D/h=49.1, dt=1.0ms)",-0.08727 m/s,ten_cate_piv.pdf Table II p.4018,-0.08546 m/s; ladder +3.39/+0.30/-2.07 replicates E4 sign-flip pattern; L3->L4 shift ~-2.4pp uniform across E3/E4 (E1 -2.0); 0 sawtooth warnings,-0.0207,level_ladder,RECORDED
d1_metrology,e2_l4,"E2 (Re=4.1) peak vs Table II at L4 (D/h=49.1, dt=1.0ms)",-0.05718 m/s,ten_cate_piv.pdf Table II p.4018,-0.05623 m/s; 0 sawtooth warnings,-0.0166,level_ladder,RECORDED
d1_metrology,d13_matrix,D1.3 matrix complete: cross-case structure at dt=1ms vs Table II,case-dependent ladders,level-ladder protocol,"E2-E4 ladders nearly identical (within ~0.5pp at every level) despite 8x in Re; L3->L4 shift uniform -2.1..-2.4pp across ALL cases incl. E1 -> spatial error is geometry-dominated (interface representation), not flow-regime-dependent; E1 offset by its sim-vs-experiment reference gap",n/a,physics_finding,RECORDED
d1_metrology,d11_ctrl,"periodic-cell cleanliness control (subgrid sphere r=0.02, D/h=1.4)",U unbounded by wall-like drag,no-slip channel bound f*L^2/8mu=1.25e-3,U reached 4.6e-2 (37x the channel bound) still growing -> periodic faces carry no parasitic drag; incidental: D/h<~1.5 sphere is hydrodynamically transparent (subgrid warning),0,mechanism,PASS
d1_metrology,pe_stepsize_mismatch,serial-PE integrates with example.json stepsize_ NOT the CFD dt (stepSimulationSerial: fullStepSize=config.getStepsize(); fbm_updateDefaultFC2 drops dTime),PE dt == CFD dt,code trace + E4 L3 transient check,"ALL dt!=1ms runs ran PE at 1ms: E4 L3 dt0p5 transient +37% at t=0.02 decaying to +1.8% by t=0.4 (peaks quasi-static hence plausible-looking); SUPERSEDES: temporal-term fit, dt_order, dt_stability added-mass attribution (0.25ms = 4x mismatch desync suspect); UNAFFECTED: all dt=1ms rows (D1.3 matrix, sim_v_sim), D1.1 fixed spheres; staging tool now syncs stepsize_; synced reruns 137383-5",n/a,physics_finding,RESOLVED
d0_infra,stepsize_guard,"fatal first-step PE/CFD timestep guard (both modes, fbm_updateDefaultFC2)",abort with diagnostic on mismatch,pe_stepsize_mismatch row,deliberate-mismatch smoke (job 137386) died at step 1 with FATAL + both values + remediation hint; matched runs unaffected,0,detection,PASS
d1_metrology,dt_stability_refuted,synced E4 L3 dt=0.25ms stability recheck (job 137384),stable if floor was mismatch artifact,pe_stepsize_mismatch row,"STABLE: 0 sawtooth warnings, clean peak +1.94% -> the 'added-mass stability floor' (dt_stability, dt_stability_l2 rows) is fully REFUTED - it was the 4x PE/CFD desync; dt window is accuracy-bounded only",0,stability_probe,RESOLVED
d1_metrology,e4_l3_dt_ladder_sync,synced E4 L3 dt ladder vs Table II: dt=1.0/0.5/0.25ms,monotone dt-dependence,tencate_error_decomposition.py (refit LANDED),"+0.81/+1.40/+1.94%: stable everywhere, genuine sub-linear dt-dependence (increments +0.59/+0.54 per halving); refit complete with synced L4+E1 points: T(1ms) = -1.51/-1.09 pp (E4, p=1/2) and -0.83/-0.56 pp (E1); S(L4) = -0.0..-0.5 pp converged; corrected 2026-08-13 after website-converter audit (prior guide range -1.5..-2.4 was a pre-sync carryover)",n/a,dt_ladder,RECORDED
d1_metrology,d11_rh_collapse,r_h-corrected comparison: does an O(h) effective-radius model + per-level indicator-volume correction collapse the post-fix ladder?,constant c = (r_h-1)*a/h across levels; K_inf -> 1.8322,d11_rh_calib_postfix; fluid_frac vs analytic 0.9806075; sensitivity dlnK/dlnr=1.87,"raw r_h inversion is circular per level - the falsifiable content is h-scaling. UNCORRECTED: c drifts (sup 0.10->0.20, int 0.13->0.44) - model fails. VOLUME-CORRECTED (each rung divided by (1+dr)^1.87, dr from its own fluid_frac; L2 discrete sphere +0.95% radius, L3 -0.43%): superficial-convention ladder becomes near-first-order (increments +0.063/+0.037/+0.017 with settled t=4 L5, orders 0.76/1.18), c ~ 0.12-0.17 approx constant (a_eff ~ a+0.14h), Richardson K_inf = 1.821-1.825 (-0.4..-0.6%) - CLOSES on Hasimoto within resolution uncertainty. Interstitial convention leaves -2.2% - exactly the O(phi) convention gap. VERDICT: deficit = indicator-volume error + O(h) interface widening, IF Hasimoto's U is the superficial (Darcy) velocity - standard reading (Zick-Homsy, Ladd) but must be pinned against the paper; NOTE d11_convention was decided on the traction-free box and needs revisiting",-0.003,physics_finding,RECORDED
d1_metrology,d12_plateau_noise,FBM grid-crossing force noise from peak-velocity plateaus of existing dt=1ms ten Cate runs (tools/d21_d12_tail_analysis.py),noise amplitude decreasing with D/h,D1.2 plan (free-fall variant; prescribed-V variant pending PE setup extension),"rms of detrended F_z as % of mean force, L2/L3/L4: E4 4.13/2.35/0.92, E3 2.44/1.66/1.02, E2 1.58/0.84/1.12, E1 -/0.57/0.59; velocity jitter 6e-6..5e-5 m/s (matches ad-hoc jitter numbers in earlier rows); amplitude grows with Re at fixed D/h, falls with refinement (E2 L4 mild non-monotone); cells-crossed-per-step 0.045-0.39",n/a,noise_floor,RECORDED
d2_pairs,d21_free_approach,sphere-wall approach (free variant = ten Cate tails) vs Brenner 1961 exact perpendicular drag divergence,lambda_meas tracks Brenner until mesh stops resolving the gap,Brenner 1961; tools/d21_d12_tail_analysis.py,"E1 (Re=1.5, quasi-steady diag 0.04 - only honest case): lambda tracks Brenner within -6..-9% at eps=1 down to -14..-20% at eps=0.1; departure >20% at gap = 1.20h (L3) and 1.32h (L4) -> CROSSOVER RULE (provisional): resolved FBM force follows the lubrication divergence down to gap ~ 1.3h, below that the PE correction must take over; ~4x less conservative than the ad-hoc 5*h_min; E2-E4 depart at 23-98 gap/h but their inertia diagnostic is 0.12-0.39 -> unsteadiness not resolution, recorded as context only; confirmation needs prescribed-V Stokes ladder (PE setup extension pending)",n/a,crossover_map,RECORDED
d1_metrology,d12_prescribed_smoke,"constant-V translation smoke (L2, rho_p/rho_f=1e6, g=0, V=-0.1 m/s, 1150 steps, job 137861)",velocity constant while FBM forces logged,prescribed-motion design (heavy-particle trick),V drifted -0.1 -> -0.0999987 over 1.15 s (0.0013%); sphere swept z=0.1275 -> 0.0126 ending at gap 0.78h; validates the protocol for the D1.2 noise ladder and D2.1 constant-V approach,1.3e-5,1e-3,PASS
d2_pairs,d21_prescribed,"constant-V wall approach vs Brenner exact (mu=0.373, V=0.02, Re=0.78, rho_p/rho_f=1e6, start z=0.04; jobs 137865/137866)",quantify the resolution crossover free of inertia confounds,Brenner 1961; d21_free_approach row,"mid-range agreement now +-2..5% for eps=0.25..2 (inertia confound gone); departure from the divergence: -10% at gap=2.07h (L3) / 2.75h (L4), -20% at gap=1.09h (L3) / 1.71h (L4); absolute gap at fixed error SHRINKS with h (refinement helps: at eps=0.1 L3 is -19.2%, L4 -12.7%); CROSSOVER RULE v1: resolved FBM force is within ~10% of the lubrication asymptote down to gap ~ 2-3 cells and degrades rapidly below ~1.5 cells -> any sub-grid correction should take over at gap <~ 2h; supersedes the provisional free-variant 1.3h reading (that was the 20% point) and the ad-hoc 5*h_min; L4 20%-point sits at run end (eps=0.070) - extension optional",n/a,crossover_map,RECORDED
d1_metrology,d12_prescribed_ladder,"controlled grid-crossing noise ladder (E4 fluid, V=0.1 constant, mid-box window; jobs 137861/137863/137864)",noise amplitude vs D/h at fixed velocity,d12_plateau_noise row (free-fall variant),"rms detrended F / mean F = 3.84 / 1.79 / 0.88 % at D/h = 11.4 / 23.9 / 49.1 - halves per level (ratios 0.47/0.49) -> FBM force noise floor is FIRST ORDER in h; consistent with the free-fall plateau numbers (4.1/2.4/0.9%); rule of thumb: expect ~1%-class force jitter at the D/h~24 workhorse resolution, ~4% at smoke grade",n/a,noise_floor,RECORDED
d1_metrology,d11_coarse_probes,"production-resolution Hasimoto probes: D/h=3 (r=1/12) and D/h=4 (r=1/9) on the L2 mesh (jobs 138517/138518, ~3 min each; owner request - production sims ran at these resolutions)",quantify the drag deficit at D/h=3-4; test a_eff=a+0.14h at its coarse extreme,Hasimoto 1959 K(phi) per case (phi=0.0024/0.0057); d11_rh_collapse model,"D/h=3: K deficit -8.5..-10.8% (measured-F..momentum-F reading; volume ~exact); D/h=4: -9.2..-10.7% volume-corrected (raw -10.3..-11.8, vol dr/r=-0.8%); implied c=(a_eff-a)/h = 0.10-0.15 -> the a_eff model VERIFIED down to D/h=3 (ladder band 0.12-0.17; predictions -12.1/-10.0% vs measured); PRACTITIONER VERDICT: at D/h=3-4 single-sphere drag is ~90% of true (-9..-12%), systematically low and CORRECTABLE via a_eff model; per-particle force noise extrapolates to ~8-15% (D1.2 O(h) floor); everything within ~2 cells of contact is sub-grid (D2.1) - at D/h=3-4 that is half a diameter; CAVEAT: probes conflate D/h with phi (small spheres at fixed mesh) - at fixed production phi the D/h=3 deficit is somewhat larger than measured here (sens grows with phi); F overshoots f*V by +1.7/+2.6% (off-center-sphere effect family, both readings quoted)",n/a,level_ladder,RECORDED
d1_metrology,d11_aeff_sign_erratum,"ERRATUM (found during CHERD supplementary review 2026-08-15): the near-interface model was recorded as a_eff = a + 0.14h (""no-slip felt into the fluid"") - the SIGN is wrong",re-derive with explicit sign tracking,dlnK_meas/dln a = 1 + 3phi dlnK_ref/dphi = +1.77 at ladder phi (verified numerically; same sensitivity the indicator-volume correction uses with the correct sign),"an ENLARGED effective radius would RAISE the measured K, but every ladder/probe value sits BELOW the reference -> the deficits require a_eff = a - c.h (flow effectively penetrates ~0.14h into the nominal solid; the discrete constraint under-enforces no-slip between velocity nodes); per-level implied c from deficit/sensitivity: 0.10/0.17/0.16/0.18 (L2-L5), coarse-probe predictions -12.1/-10.0% at D/h=3/4 unchanged (the campaign's arithmetic always used the deficit form, so ALL quantitative results stand - only the sign narrative flips); the recorded r_h/r = 1.034/1.028/1.013 magnitudes correspond to a_eff/a = 0.966/0.972/0.987; AFFECTED RECORDS all corrected: this datasheet (d11_rh_collapse narrative), d11 RUNBOOK (erratum appended, e8db9716), campaign artifact (2026-08-18, snapshot 502f2ae1), practitioner's guide (v2.1, c9538cbc)",n/a,erratum,RESOLVED
d0_solver,hcaf_angvel_reset,"DEFECT found in the certified binary (2026-08-20, surfaced by the D2.2 lubrication port needing a rotation-preserving test host + owner code reading): HardContactAndFluid::integratePositions contains w = Vec3(0,0,0) (HardContactAndFluid.h:4703 at pin 5f90e7c) - an old atc-era debug artifact that unconditionally zeroes angular velocity, so ALL campaign particles were integrated as non-rotating rigid bodies",quantify per-case impact; remove the line,code trace + physics assessment,"impact by case: settling/drag/arrays (ten Cate, D3.1, D3.2) second-order (near-axisymmetric, spin ~0 anyway - certified results stand); DKT D2.3 REINTERPRETATION RISK: omega=0 makes rolling kinematically impossible, so the frictional 4.2deg stall may be friction+rotation-block, not friction alone - discriminator: rerun dkt_offset frictional on an omega-fixed binary, if tumble proceeds the D2.3 mechanism attribution changes; viscometer V1 Einstein gate FIRST-ORDER (rotation-blocked spheres give ~4phi not 2.5phi, eta 1.20 vs gate 1.125+-0.03) - V1 staging HELD until fix lands + FF-side omega*r imposition trace; FIX LIVE 2026-08-21: pe master de855b6 merged (PR #25+#26), submodule bumped (2151a61d) after G0a e4_l3 twin passed BITWISE (cross-CPU-generation, d22_g0_twins); FULL_ROTATION confirmed: FBM imposes omega x r (fbm_main.f90:10 + :1273-1290 -> Boundary_QuadScalar_Val) so restored omega couples hydrodynamically -> viscometer V1 UNBLOCKED on the new binary, D2.3 reinterpretation LIVE (certified logs show omega exactly 0 with nonzero torque - defect caught in the act; certified frictional==frictionless bitwise over first 600 steps, so any G0b divergence is pure omega coupling); CLOSED 2026-08-22: G0b measured (row d22_g0_twins) and the D2.3 frictional rerun landed (row d23_omegafix_rerun) - the certified 4.2-deg frictional stall is RETIRED as a defect artifact (tilt 16.17 deg and still accelerating at t=25 on the fixed binary, exponential doubling time 3.0 t.u.); adjacent artifact also found: hardcoded velocity limiter v>12.3 -> 4.1 in the same function (unit-system landmine, never fired in our units) - flagged for same cleanup",n/a,defect,RESOLVED
d2_pairs,d22_g2_brenner,"D2.2 gate G2 EXECUTED (job 141393, rundir q2p1_dns_rundir_d21_l3_g2lub): certified d21_l3 constant-V Brenner fixture (R=7.5mm V=0.02 ten Cate E1 fluid, D/h=23.9) with lubrication ON - Kroupa2016 wall resistances, bare-resistance config (slipCorrection off, epsCritical 0; saturation is G3's business), mesh clamp c=2, hysteresis scaled to SI units (1e-5, the d=1 default 1e-3 would be 80 percent of the activation gap - size-dependence audit applied). FIRST LIVE USE of the meshdx wiring: PE_LUB_MESHDX armed dx=6.27e-4 activation_gap=1.2543e-3; measured force onset t=1.563 vs predicted 1.5623 (disarmed fallback would onset at 1.437) - the clamp demonstrably bound. Step-1 note: 31 one-time [pe] clamp warnings fire because the PE step precedes the first ComputeCFL push; first sweep runs unarmed (harmless, gap was 52h; warning wording could say 'not yet pushed' - cosmetic pe follow-up)",sub-2h force follows Brenner where FBM alone was -20 percent; measure the overlap-band overshoot = the double-counting number that decides DESIGN_SPEC section 7,DESIGN_SPEC d22_lubrication sections 6-7; Brenner 1961 exact series; d21_l3 baseline (lubrication off); tools/d21_g2_lubrication_analysis.py; figure docs/md_docs/dns_figures/d21_g2_lubrication.png,"MEASURED, section-7 decision made. Superposition holds exactly: G2's FBM force equals the lubrication-OFF baseline to >=4 digits in every band (near-rigid particle, trajectory unchanged) - model variants evaluated offline against one dataset. Deviation vs Brenner (mean, 1h-2h band / sub-1h band): FBM alone -14.8/-25.9 percent; FBM + full Kroupa wall term (as run) +74.6/+67.4 percent - the full resistance set DOUBLE-COUNTS the FBM-resolved film by ~75 percent; FBM + Eq.-10 deficit form c=2 (offline) +6.7/+23.0 percent; deficit c=1 -14.8/-17.8. DECISION: deficit form REQUIRED for CFD-coupled runs (modelKroupaDeficit upstream item); the measured ideal correction lambda_ideal = Brenner - FBM rises 0.73 to 4.54 across gap/h in [0.83,2) and is the calibration curve for D2.1's inverse-collapse variant (resolution-collapsed in gap/h, one calibration per method). Far-field sanity: FBM -2.8 percent vs Brenner at 5-10h. Full-model 'follows Brenner' criterion NOT met by construction - the gate's measurement purpose is discharged",0.75,overlap_overshoot,RESOLVED
d2_pairs,d22_g2b_deficit,"modelKroupaDeficit IMPLEMENTED and VERIFIED (pe 9d24437 on feature/lubrication-meshdx-wiring): every resistance coefficient becomes max(0, C(eps)-C(eps_cut)) with eps_cut from the pair's effective activation gap (lubricationCutoff(aRef) incl. mesh clamp, carried per-pair as PairKinematics::hCut); continuous onset, reduces to ten Cate eq. 10 in the leading normal term, saturation/slip preserved; twisting coefficient (decreasing toward contact) correctly clamps to zero deficit. json lubricationModel_ = kroupaDeficit. Unit test pe_lubrication_deficit_test (subtraction identity, onset, inertness, hCut=0 fail-safe, monotonicity) + existing model test passing; compiles serial + parallel-EL. Inertness gate: e4_l3 twin job 141658 BITWISE vs 141392 reference. G2b physics rerun job 141659: identical Brenner fixture to d22_g2_brenner, only lubricationModel_ flipped",measured curve lands on the offline G2 prediction: +6.7 percent (1h-2h) / +23.0 percent (<1h); continuous onset at activation (no force step); FBM part unchanged (superposition),row d22_g2_brenner (decision + offline scoring); DESIGN_SPEC d22_lubrication section 7,"VERIFIED: 1h-2h band mean +7.2 percent (range -9.0..+22.1) vs predicted +6.7; sub-1h +24.0 (23.1..25.4) vs predicted +23.0 - the ~1pp excess is the higher-order wall-term coefficients beyond bare 1/h (final-sample lambda_lub 8.574 vs bare Eq.-10 deficit 8.410). Onset continuous: first in-band step F=6.8e-5 vs 6.8e-3 for the full model at the same instant. FBM force matches the baseline to 4.2e-6 (superposition). Twin 141658 byte-identical (logs + streams) - deficit machinery inert unless selected. G3 (lubricated ten Cate, free particle) now unblocked; residual sub-1h +24 percent is the known analytic-deficit limit, closable by the measured inverse-collapse calibration curve if G3 warrants",0.072,brenner_band_dev,PASS
d2_pairs,d22_g3_tencate,"D2.2 gate G3 EXECUTED (jobs 141665 E1 / 141666 E2, rundirs q2p1_dns_rundir_e{1,2}_l3_g3def): certified D1.3 ten Cate fixtures rerun with lubrication ON in the PRODUCTION configuration - kroupaDeficit (pe 9d24437), mesh clamp c=2 (activation 2h=1.254mm, armed via the meshdx wiring), saturation eps_c=0.1 and Vinogradova slip active, SI-scaled hysteresis 1e-5. Baselines = the certified lubrication-OFF runs (the paper's No-F_lub curves); reference = digitized PIV (tc-ref, 3.5-4 percent digitization audit)",paper Fig. 13 behavior reproduced: more gradual velocity decay in the final approach with lubrication; saturation avoids the paper's documented time-to-contact overprediction (their With-F_lub sphere unrealistically never lands),"ten Cate 2002 Fig. 13 (S16/S18 Re 1.5, S17/S19 Re 4.1); rows d22_g2_brenner, d22_g2b_deficit; tools/d22_g3_tencate_analysis.py; figure docs/md_docs/dns_figures/d22_g3_tencate.png","PASS on both criteria, with an honest scope note. (1) Decay improvement: identical to baseline down to gap=2h (deficit inert above activation by construction), then more gradual deceleration through the film band - u(1h) 15/16 percent slower (E1/E2), u(0.5h) 12/17 percent; lubrication active 524/402 steps; peak F_lub 0.17/0.23 x buoyant weight. (2) Landing: FINITE, 2h-to-rest 334 vs 301 ms (E1) and 140 vs 124 ms (E2), i.e. +11-13 percent vs baseline - no unbounded tail; both settle to the same FBM/PE equilibrium gap 0.13-0.14mm. SCOPE: at D/h=23.9 the resolved FBM already carries most of the film (G2: FBM alone -15/-26 percent below Brenner), so the correction is modest BY CONSTRUCTION - unlike ten Cate's LBM which had no resolved film below one grid spacing and needed the full Eq.-10 force; the digitized PIV (~11 samples in the window, velocities at the measurement floor) cannot discriminate base vs deficit (broad-window rms 10.2 vs 10.3 percent E1, 17.4 vs 18.0 E2 - the E-family sim-vs-experiment gaps of D1.3 dominate). The quantitative model certification is G2/G2b; G3 certifies the qualitative Fig.-13 behavior and the absence of the landing pathology in the production configuration. D2.2 validation ladder COMPLETE (G0/G1/G2/G2b/G3)",n/a,fig13_behavior,PASS
d0_infra,pe_stale_dv_fixed_bodies,"LATENT pe DEFECT recovered from the owner's memory 2026-10-02 (found originally in another pe fork via a momentum-bookkeeping violation; that fix was never upstreamed) and VERIFIED in the pinned code ce3bb5f: the per-body velocity-correction vectors dv_/dw_ of every collision system (HardContactAndFluid ~2019, HardContactSemiImplicitTimesteppingSolvers ~1935, HardContactEulerLagrange) are std::vector members that are resize()d at each step and never cleared; initializeVelocityCorrections assigns them only for non-fixed bodies, so a FIXED body's entries keep whatever the previous occupant of that index left. Body indices are reassigned from storage order every step, so after any reorder (particle migration in parallel PE, body creation/removal, shadow copies) a fixed body can inherit a stale correction; the contact relaxation sizes every impulse from v+dv of BOTH partners, so mobile bodies touching that wall receive impulses as if it moved at the ghost velocity (momentum not accounted for by any body), while the wall itself is integrated with v_ only and never moves. A lone ground plane created first keeps index 0 for its lifetime and is immune - the common case, which hid the bug. Independent of the fixed-global NaN guard (0 x inf from a degenerate infinite-mass contact), which stays",fix: dv = dw = Vec3(0) in the fixed-body branch of initializeVelocityCorrections in all three solvers + a regression test that recycles a fixed body's index from a destroyed mobile body and checks momentum bookkeeping,HardContactAndFluid.h initializeVelocityCorrections (~4632) and the body-caching/integration loops (~2017-2335); the rows hcaf_angvel_reset (the other integrator defect found by code reading) and pe_master_ce3bb5f_twin (the pin); memory pe-lubrication-merge-hold defect (6),"SEARCHED 2026-10-02: no fix in any of the 24 branches, commits, PRs or issues of github.com/rmuenste/pe-0.3rc1 (all branches carry the unguarded if(!isFixed) form). CAMPAIGN IMPACT: NONE - every campaign run uses the serial PE mode with a body storage that never reorders (identical on all ranks, bodies created once, resume recreates them), so fixed bodies keep the zero entry from step 1; no result changes. Fix branch fix/stale-velocity-corrections opened 2026-10-02 (worktree pe-worktrees/fix-stale-velocity-corrections) with the regression test; pin bump after owner merge needs the usual e4_l3 twin (expected bitwise: serial decks never reorder)",n/a,defect_record,RECORDED
