run,case,level,D_over_h,dt_s,u_peak_mps,t_peak_s,ref_TableII_peak_mps,err_vs_TableII_pct,u_peak_over_u_inf,t_gap_eq_2h_s,t_touchdown_hd_lt_0p05_s,t_rest_absu_lt_1e-4_s,final_gap_m,final_Fz_N,buoyant_weight_N,t_end_s,datasheet_recorded_peak_mps
e1_l3,E1,3,23.918,0.001,-0.03484,1.896,-0.03599,-3.19,0.917,3.777,3.852,4.170,1.397e-04,2.6007e-03,2.6004e-03,4.300,-0.03484
e1_l4,E1,4,49.098,0.001,-0.03410,1.979,-0.03599,-5.23,0.897,3.968,3.938,4.264,0.000e+00,1.5836e-03,2.6004e-03,4.300,-0.03410
e2_l2,E2,2,11.413,0.001,-0.05923,1.453,-0.05718,+3.59,0.987,2.185,2.259,2.289,6.237e-04,2.6869e-03,2.6870e-03,2.700,-0.05923
e2_l3,E2,3,23.918,0.001,-0.05752,1.505,-0.05718,+0.60,0.959,2.299,2.329,2.469,1.344e-04,2.6868e-03,2.6870e-03,2.700,-0.05752
e2_l4,E2,4,49.098,0.001,-0.05623,1.519,-0.05718,-1.66,0.937,2.395,2.383,2.533,0.000e+00,1.4430e-03,2.6870e-03,2.700,-0.05623
e3_l2,E3,2,11.413,0.001,-0.09023,1.166,-0.08727,+3.39,0.992,1.480,1.510,1.633,6.002e-04,2.7366e-03,2.7390e-03,1.800,-0.09023
e3_l3,E3,3,23.918,0.001,-0.08753,1.180,-0.08727,+0.30,0.962,1.546,1.556,1.580,1.579e-04,2.7449e-03,2.7390e-03,1.800,-0.08753
e3_l4,E3,4,49.098,0.001,-0.08546,1.205,-0.08727,-2.07,0.939,1.595,1.591,1.619,0.000e+00,2.2679e-03,2.7390e-03,1.800,-0.08546
e4_l2,E4,2,11.413,0.001,-0.12763,0.938,-0.12224,+4.41,0.997,1.096,1.113,1.123,6.068e-04,2.7321e-03,2.7737e-03,1.300,-0.12763
e4_l3,E4,3,23.918,0.001,-0.12323,0.956,-0.12224,+0.81,0.963,1.145,1.150,1.160,1.545e-04,2.7643e-03,2.7737e-03,1.300,-0.12323
e4_l4,E4,4,49.098,0.001,-0.12033,0.980,-0.12224,-1.56,0.940,1.177,1.175,1.186,0.000e+00,2.6564e-03,2.7737e-03,1.300,-0.12033
e4_l3_dt0p5_sync,E4,3,23.918,0.0005,-0.12396,0.959,-0.12224,+1.40,0.968,1.139,1.145,1.154,2.631e-04,3.0377e-03,2.7737e-03,1.300,-0.12396
e4_l3_dt0p25_sync,E4,3,23.918,0.00025,-0.12461,0.947,-0.12224,+1.94,0.974,1.135,1.140,1.189,3.551e-04,3.6960e-03,2.7737e-03,1.300,-0.12461
e4_l4_dt0p5_sync,E4,4,49.098,0.0005,-0.12133,0.968,-0.12224,-0.74,0.948,1.169,1.167,1.177,8.629e-05,2.7607e-03,2.7737e-03,1.300,-0.12133
e1_l3_dt0p5_sync,E1,3,23.918,0.0005,-0.03499,1.889,-0.03599,-2.76,0.921,3.763,3.839,4.027,3.054e-04,2.6004e-03,2.6004e-03,4.300,-0.03499
e1_l3_g3def,E1,3,23.918,0.001,-0.03484,1.896,-0.03599,-3.19,0.917,3.777,3.859,4.215,1.388e-04,2.5978e-03,2.6004e-03,4.300,n/a
e2_l3_g3def,E2,3,23.918,0.001,-0.05752,1.505,-0.05718,+0.60,0.959,2.299,2.331,2.500,1.300e-04,2.6877e-03,2.6870e-03,2.700,n/a
